"gameID","home","away","OT","SO"
1,"Ottawa Senators","Toronto Maple Leafs",1,0
2,"Chicago Blackhawks","St. Louis Blues",0,0
3,"Edmonton Oilers","Calgary Flames",0,0
4,"San Jose Sharks","Los Angeles Kings",0,0
5,"Buffalo Sabres","Montréal Canadiens",0,0
6,"New York Rangers","New York Islanders",0,0
7,"Pittsburgh Penguins","Washington Capitals",1,1
8,"Columbus Blue Jackets","Boston Bruins",0,0
9,"Tampa Bay Lightning","Detroit Red Wings",0,0
10,"Florida Panthers","New Jersey Devils",1,0
11,"St. Louis Blues","Minnesota Wild",0,0
12,"Winnipeg Jets","Carolina Hurricanes",1,0
13,"Dallas Stars","Anaheim Ducks",0,0
14,"Nashville Predators","Chicago Blackhawks",0,0
15,"Calgary Flames","Edmonton Oilers",0,0
16,"Los Angeles Kings","Philadelphia Flyers",0,0
17,"Toronto Maple Leafs","Boston Bruins",0,0
18,"Ottawa Senators","Montréal Canadiens",1,1
19,"Tampa Bay Lightning","New Jersey Devils",0,0
20,"Florida Panthers","Detroit Red Wings",0,0
21,"Pittsburgh Penguins","Anaheim Ducks",0,0
22,"Washington Capitals","New York Islanders",0,0
23,"Columbus Blue Jackets","San Jose Sharks",0,0
24,"Minnesota Wild","Winnipeg Jets",0,0
25,"St. Louis Blues","New York Rangers",0,0
26,"Chicago Blackhawks","Nashville Predators",0,0
27,"Colorado Avalanche","Dallas Stars",0,0
28,"Arizona Coyotes","Philadelphia Flyers",1,0
29,"Vancouver Canucks","Calgary Flames",1,1
30,"New York Islanders","Anaheim Ducks",1,0
31,"Edmonton Oilers","Buffalo Sabres",0,0
32,"Vancouver Canucks","Carolina Hurricanes",1,0
33,"New York Rangers","San Jose Sharks",0,0
34,"Pittsburgh Penguins","Colorado Avalanche",1,0
35,"Detroit Red Wings","Ottawa Senators",0,0
36,"Winnipeg Jets","Boston Bruins",0,0
37,"New Jersey Devils","Anaheim Ducks",0,0
38,"New York Islanders","San Jose Sharks",0,0
39,"Washington Capitals","Colorado Avalanche",0,0
40,"Montréal Canadiens","Pittsburgh Penguins",0,0
41,"Ottawa Senators","Arizona Coyotes",0,0
42,"Tampa Bay Lightning","Florida Panthers",1,1
43,"Nashville Predators","Dallas Stars",0,0
44,"Minnesota Wild","Los Angeles Kings",0,0
45,"Chicago Blackhawks","Philadelphia Flyers",0,0
46,"Calgary Flames","Buffalo Sabres",1,0
47,"Edmonton Oilers","Carolina Hurricanes",0,0
48,"Vancouver Canucks","St. Louis Blues",1,0
49,"New York Rangers","Detroit Red Wings",0,0
50,"Winnipeg Jets","Toronto Maple Leafs",1,0
51,"Boston Bruins","New Jersey Devils",0,0
52,"Philadelphia Flyers","Anaheim Ducks",0,0
53,"Pittsburgh Penguins","San Jose Sharks",0,0
54,"Montréal Canadiens","Arizona Coyotes",0,0
55,"Tampa Bay Lightning","Colorado Avalanche",0,0
56,"Florida Panthers","Washington Capitals",0,0
57,"Minnesota Wild","Toronto Maple Leafs",0,0
58,"Dallas Stars","Los Angeles Kings",1,0
59,"Calgary Flames","Carolina Hurricanes",0,0
60,"Edmonton Oilers","St. Louis Blues",0,0
61,"Vancouver Canucks","Buffalo Sabres",0,0
62,"New York Islanders","Arizona Coyotes",0,0
63,"Columbus Blue Jackets","Chicago Blackhawks",0,0
64,"Detroit Red Wings","Nashville Predators",0,0
65,"Boston Bruins","Montréal Canadiens",0,0
66,"Ottawa Senators","Tampa Bay Lightning",0,0
67,"Detroit Red Wings","San Jose Sharks",0,0
68,"Florida Panthers","Colorado Avalanche",0,0
69,"New Jersey Devils","Minnesota Wild",1,0
70,"Philadelphia Flyers","Carolina Hurricanes",0,0
71,"Washington Capitals","New York Rangers",0,0
72,"Chicago Blackhawks","Toronto Maple Leafs",1,1
73,"Nashville Predators","Pittsburgh Penguins",0,0
74,"Dallas Stars","Columbus Blue Jackets",0,0
75,"Calgary Flames","St. Louis Blues",0,0
76,"Los Angeles Kings","Vancouver Canucks",1,1
77,"Winnipeg Jets","Edmonton Oilers",0,0
78,"New York Islanders","Minnesota Wild",0,0
79,"New York Rangers","Arizona Coyotes",0,0
80,"Anaheim Ducks","Vancouver Canucks",0,0
81,"Montréal Canadiens","Philadelphia Flyers",0,0
82,"Chicago Blackhawks","Calgary Flames",1,1
83,"Boston Bruins","Minnesota Wild",0,0
84,"New Jersey Devils","Arizona Coyotes",0,0
85,"Philadelphia Flyers","Buffalo Sabres",1,1
86,"Pittsburgh Penguins","Florida Panthers",0,0
87,"Toronto Maple Leafs","Tampa Bay Lightning",0,0
88,"Detroit Red Wings","Carolina Hurricanes",0,0
89,"St. Louis Blues","Calgary Flames",0,0
90,"Dallas Stars","Winnipeg Jets",0,0
91,"Vancouver Canucks","Ottawa Senators",0,0
92,"Los Angeles Kings","Columbus Blue Jackets",1,0
93,"San Jose Sharks","Anaheim Ducks",1,0
94,"New York Islanders","Montréal Canadiens",0,0
95,"New York Rangers","Boston Bruins",0,0
96,"Edmonton Oilers","Washington Capitals",0,0
97,"Anaheim Ducks","Nashville Predators",0,0
98,"Buffalo Sabres","Minnesota Wild",0,0
99,"Philadelphia Flyers","Arizona Coyotes",0,0
100,"Pittsburgh Penguins","New York Islanders",0,0
101,"Toronto Maple Leafs","Florida Panthers",0,0
102,"Montréal Canadiens","Tampa Bay Lightning",0,0
103,"St. Louis Blues","Detroit Red Wings",1,1
104,"Winnipeg Jets","Dallas Stars",0,0
105,"Los Angeles Kings","Nashville Predators",1,0
106,"San Jose Sharks","Columbus Blue Jackets",0,0
107,"New Jersey Devils","Chicago Blackhawks",1,0
108,"Carolina Hurricanes","New York Rangers",0,0
109,"Colorado Avalanche","Winnipeg Jets",0,0
110,"Calgary Flames","Ottawa Senators",0,0
111,"Vancouver Canucks","Edmonton Oilers",0,0
112,"Anaheim Ducks","Columbus Blue Jackets",0,0
113,"Buffalo Sabres","Florida Panthers",0,0
114,"Montréal Canadiens","Toronto Maple Leafs",0,0
115,"Detroit Red Wings","Boston Bruins",0,0
116,"New Jersey Devils","Tampa Bay Lightning",0,0
117,"Philadelphia Flyers","Pittsburgh Penguins",0,0
118,"St. Louis Blues","Los Angeles Kings",0,0
119,"Minnesota Wild","Dallas Stars",0,0
120,"Arizona Coyotes","Colorado Avalanche",0,0
121,"Vancouver Canucks","Washington Capitals",0,0
122,"San Jose Sharks","Nashville Predators",0,0
123,"Winnipeg Jets","Buffalo Sabres",0,0
124,"Detroit Red Wings","Florida Panthers",0,0
125,"Carolina Hurricanes","Philadelphia Flyers",0,0
126,"New York Islanders","Toronto Maple Leafs",0,0
127,"New York Rangers","Tampa Bay Lightning",0,0
128,"Chicago Blackhawks","Los Angeles Kings",0,0
129,"Edmonton Oilers","Ottawa Senators",0,0
130,"Calgary Flames","Washington Capitals",0,0
131,"New York Islanders","Tampa Bay Lightning",0,0
132,"New York Rangers","St. Louis Blues",0,0
133,"Columbus Blue Jackets","Dallas Stars",1,0
134,"Toronto Maple Leafs","Edmonton Oilers",1,0
135,"Ottawa Senators","Carolina Hurricanes",1,0
136,"Florida Panthers","Boston Bruins",0,0
137,"Minnesota Wild","Buffalo Sabres",0,0
138,"Winnipeg Jets","Washington Capitals",0,0
139,"Chicago Blackhawks","Calgary Flames",0,0
140,"Colorado Avalanche","Nashville Predators",0,0
141,"Arizona Coyotes","San Jose Sharks",0,0
142,"Los Angeles Kings","Anaheim Ducks",0,0
143,"Montréal Canadiens","Vancouver Canucks",0,0
144,"Philadelphia Flyers","Detroit Red Wings",1,0
145,"Anaheim Ducks","Pittsburgh Penguins",0,0
146,"Buffalo Sabres","Toronto Maple Leafs",0,0
147,"New York Islanders","Philadelphia Flyers",1,1
148,"New York Rangers","Edmonton Oilers",0,0
149,"Washington Capitals","Winnipeg Jets",1,0
150,"Ottawa Senators","Vancouver Canucks",0,0
151,"Tampa Bay Lightning","Boston Bruins",1,1
152,"Florida Panthers","New Jersey Devils",1,0
153,"Chicago Blackhawks","Colorado Avalanche",0,0
154,"Dallas Stars","St. Louis Blues",0,0
155,"Arizona Coyotes","Nashville Predators",1,1
156,"Los Angeles Kings","Pittsburgh Penguins",1,0
157,"San Jose Sharks","Calgary Flames",0,0
158,"Columbus Blue Jackets","Montréal Canadiens",0,0
159,"Detroit Red Wings","Winnipeg Jets",0,0
160,"Anaheim Ducks","Arizona Coyotes",0,0
161,"Colorado Avalanche","Minnesota Wild",0,0
162,"Boston Bruins","New York Rangers",0,0
163,"Toronto Maple Leafs","Vancouver Canucks",0,0
164,"Montréal Canadiens","Philadelphia Flyers",0,0
165,"Ottawa Senators","Buffalo Sabres",0,0
166,"Tampa Bay Lightning","New Jersey Devils",0,0
167,"New York Islanders","Edmonton Oilers",1,1
168,"Washington Capitals","Florida Panthers",0,0
169,"St. Louis Blues","Columbus Blue Jackets",1,0
170,"Nashville Predators","Carolina Hurricanes",1,1
171,"Dallas Stars","Chicago Blackhawks",0,0
172,"Los Angeles Kings","Calgary Flames",0,0
173,"San Jose Sharks","Pittsburgh Penguins",0,0
174,"Detroit Red Wings","Edmonton Oilers",0,0
175,"St. Louis Blues","Colorado Avalanche",0,0
176,"Carolina Hurricanes","New Jersey Devils",0,0
177,"New York Rangers","Winnipeg Jets",0,0
178,"Chicago Blackhawks","Dallas Stars",1,0
179,"Anaheim Ducks","Calgary Flames",0,0
180,"Boston Bruins","Buffalo Sabres",0,0
181,"New York Islanders","Vancouver Canucks",0,0
182,"Florida Panthers","Tampa Bay Lightning",0,0
183,"New Jersey Devils","Carolina Hurricanes",1,1
184,"New York Rangers","Vancouver Canucks",0,0
185,"Philadelphia Flyers","Detroit Red Wings",1,1
186,"Pittsburgh Penguins","Edmonton Oilers",0,0
187,"Washington Capitals","San Jose Sharks",0,0
188,"Toronto Maple Leafs","Los Angeles Kings",0,0
189,"Montréal Canadiens","Boston Bruins",0,0
190,"Nashville Predators","Ottawa Senators",0,0
191,"Winnipeg Jets","Dallas Stars",0,0
192,"Colorado Avalanche","Arizona Coyotes",0,0
193,"Columbus Blue Jackets","Anaheim Ducks",1,0
194,"Buffalo Sabres","Ottawa Senators",1,1
195,"St. Louis Blues","Chicago Blackhawks",1,0
196,"Boston Bruins","Columbus Blue Jackets",0,0
197,"Pittsburgh Penguins","Minnesota Wild",0,0
198,"Carolina Hurricanes","Anaheim Ducks",0,0
199,"Montréal Canadiens","Los Angeles Kings",0,0
200,"Detroit Red Wings","Vancouver Canucks",0,0
201,"Tampa Bay Lightning","New York Islanders",0,0
202,"Florida Panthers","San Jose Sharks",0,0
203,"Nashville Predators","St. Louis Blues",0,0
204,"Calgary Flames","Dallas Stars",0,0
205,"Arizona Coyotes","Winnipeg Jets",0,0
206,"Buffalo Sabres","New Jersey Devils",1,0
207,"Toronto Maple Leafs","Philadelphia Flyers",0,0
208,"Ottawa Senators","Los Angeles Kings",0,0
209,"Chicago Blackhawks","Washington Capitals",1,0
210,"Colorado Avalanche","Winnipeg Jets",1,0
211,"Edmonton Oilers","Dallas Stars",0,0
212,"Montréal Canadiens","Detroit Red Wings",0,0
213,"Tampa Bay Lightning","San Jose Sharks",0,0
214,"Florida Panthers","New York Islanders",1,0
215,"New Jersey Devils","Buffalo Sabres",0,0
216,"Philadelphia Flyers","Minnesota Wild",0,0
217,"Pittsburgh Penguins","Toronto Maple Leafs",0,0
218,"Carolina Hurricanes","Washington Capitals",0,0
219,"Columbus Blue Jackets","St. Louis Blues",0,0
220,"Nashville Predators","Anaheim Ducks",0,0
221,"Arizona Coyotes","Boston Bruins",0,0
222,"Calgary Flames","New York Rangers",0,0
223,"Winnipeg Jets","Los Angeles Kings",1,1
224,"Vancouver Canucks","Dallas Stars",1,0
225,"Ottawa Senators","Minnesota Wild",1,0
226,"Chicago Blackhawks","Montréal Canadiens",0,0
227,"Colorado Avalanche","Boston Bruins",0,0
228,"Edmonton Oilers","New York Rangers",0,0
229,"New York Islanders","Tampa Bay Lightning",0,0
230,"Philadelphia Flyers","Ottawa Senators",1,1
231,"Carolina Hurricanes","San Jose Sharks",0,0
232,"Columbus Blue Jackets","Washington Capitals",1,0
233,"Toronto Maple Leafs","Nashville Predators",0,0
234,"Montréal Canadiens","Florida Panthers",1,0
235,"Detroit Red Wings","Tampa Bay Lightning",0,0
236,"St. Louis Blues","Buffalo Sabres",0,0
237,"Minnesota Wild","Calgary Flames",0,0
238,"Winnipeg Jets","Chicago Blackhawks",0,0
239,"Dallas Stars","New Jersey Devils",1,0
240,"Colorado Avalanche","Los Angeles Kings",0,0
241,"Vancouver Canucks","New York Rangers",0,0
242,"Anaheim Ducks","Edmonton Oilers",0,0
243,"Washington Capitals","Pittsburgh Penguins",0,0
244,"Calgary Flames","Arizona Coyotes",1,0
245,"Buffalo Sabres","Tampa Bay Lightning",0,0
246,"Philadelphia Flyers","Winnipeg Jets",0,0
247,"Toronto Maple Leafs","Florida Panthers",0,0
248,"Ottawa Senators","Nashville Predators",0,0
249,"St. Louis Blues","San Jose Sharks",0,0
250,"Minnesota Wild","Boston Bruins",0,0
251,"Dallas Stars","Colorado Avalanche",0,0
252,"Vancouver Canucks","Arizona Coyotes",1,0
253,"Anaheim Ducks","New Jersey Devils",0,0
254,"Los Angeles Kings","Edmonton Oilers",0,0
255,"New York Islanders","Pittsburgh Penguins",1,0
256,"Washington Capitals","Detroit Red Wings",0,0
257,"Columbus Blue Jackets","New York Rangers",0,0
258,"Carolina Hurricanes","Montréal Canadiens",0,0
259,"Calgary Flames","Chicago Blackhawks",0,0
260,"Philadelphia Flyers","Tampa Bay Lightning",0,0
261,"Los Angeles Kings","New Jersey Devils",0,0
262,"Boston Bruins","Winnipeg Jets",0,0
263,"Buffalo Sabres","Pittsburgh Penguins",1,1
264,"Montréal Canadiens","Toronto Maple Leafs",0,0
265,"Ottawa Senators","Florida Panthers",0,0
266,"Dallas Stars","Edmonton Oilers",0,0
267,"St. Louis Blues","Nashville Predators",0,0
268,"Minnesota Wild","Colorado Avalanche",0,0
269,"Arizona Coyotes","San Jose Sharks",1,0
270,"Vancouver Canucks","Chicago Blackhawks",1,0
271,"Washington Capitals","Columbus Blue Jackets",0,0
272,"New York Rangers","Florida Panthers",1,1
273,"Carolina Hurricanes","Winnipeg Jets",0,0
274,"Detroit Red Wings","Calgary Flames",0,0
275,"Anaheim Ducks","Los Angeles Kings",0,0
276,"Buffalo Sabres","Calgary Flames",0,0
277,"Pittsburgh Penguins","New York Rangers",0,0
278,"Columbus Blue Jackets","Colorado Avalanche",1,0
279,"Nashville Predators","Tampa Bay Lightning",0,0
280,"Dallas Stars","Minnesota Wild",1,0
281,"Edmonton Oilers","Chicago Blackhawks",0,0
282,"San Jose Sharks","New Jersey Devils",0,0
283,"Boston Bruins","St. Louis Blues",0,0
284,"Toronto Maple Leafs","Carolina Hurricanes",0,0
285,"Montréal Canadiens","Ottawa Senators",0,0
286,"Florida Panthers","Philadelphia Flyers",0,0
287,"Anaheim Ducks","New York Islanders",1,1
288,"Buffalo Sabres","Detroit Red Wings",1,1
289,"New Jersey Devils","Toronto Maple Leafs",1,1
290,"New York Rangers","Pittsburgh Penguins",0,0
291,"Washington Capitals","St. Louis Blues",0,0
292,"Columbus Blue Jackets","Calgary Flames",0,0
293,"Minnesota Wild","Winnipeg Jets",0,0
294,"Tampa Bay Lightning","Philadelphia Flyers",0,0
295,"Nashville Predators","Dallas Stars",0,0
296,"Colorado Avalanche","Edmonton Oilers",0,0
297,"Arizona Coyotes","Vancouver Canucks",0,0
298,"Los Angeles Kings","New York Islanders",0,0
299,"San Jose Sharks","Chicago Blackhawks",0,0
300,"Montréal Canadiens","Carolina Hurricanes",0,0
301,"Ottawa Senators","Boston Bruins",0,0
302,"Philadelphia Flyers","New York Rangers",0,0
303,"Minnesota Wild","Pittsburgh Penguins",0,0
304,"Anaheim Ducks","Chicago Blackhawks",0,0
305,"San Jose Sharks","New York Islanders",0,0
306,"Washington Capitals","Buffalo Sabres",0,0
307,"Nashville Predators","Winnipeg Jets",0,0
308,"Boston Bruins","Calgary Flames",0,0
309,"Tampa Bay Lightning","Columbus Blue Jackets",0,0
310,"New Jersey Devils","Detroit Red Wings",1,0
311,"Dallas Stars","Vancouver Canucks",0,0
312,"Arizona Coyotes","Edmonton Oilers",1,1
313,"Toronto Maple Leafs","Washington Capitals",0,0
314,"Ottawa Senators","Carolina Hurricanes",0,0
315,"Detroit Red Wings","Montréal Canadiens",1,0
316,"Florida Panthers","Columbus Blue Jackets",1,1
317,"Pittsburgh Penguins","New Jersey Devils",1,1
318,"St. Louis Blues","Minnesota Wild",1,1
319,"Colorado Avalanche","Vancouver Canucks",1,1
320,"Los Angeles Kings","Chicago Blackhawks",1,0
321,"San Jose Sharks","Anaheim Ducks",0,0
322,"Boston Bruins","Tampa Bay Lightning",0,0
323,"Edmonton Oilers","Arizona Coyotes",0,0
324,"Carolina Hurricanes","Florida Panthers",0,0
325,"Winnipeg Jets","Nashville Predators",0,0
326,"New York Rangers","Ottawa Senators",0,0
327,"Philadelphia Flyers","Calgary Flames",0,0
328,"New York Islanders","Calgary Flames",1,0
329,"St. Louis Blues","Dallas Stars",1,0
330,"New York Rangers","Carolina Hurricanes",0,0
331,"Philadelphia Flyers","Boston Bruins",1,1
332,"Columbus Blue Jackets","Tampa Bay Lightning",0,0
333,"Ottawa Senators","Buffalo Sabres",0,0
334,"Detroit Red Wings","Dallas Stars",0,0
335,"Winnipeg Jets","New Jersey Devils",0,0
336,"Chicago Blackhawks","Florida Panthers",1,1
337,"Colorado Avalanche","Nashville Predators",0,0
338,"Edmonton Oilers","Toronto Maple Leafs",0,0
339,"Vancouver Canucks","Minnesota Wild",0,0
340,"Anaheim Ducks","Montréal Canadiens",0,0
341,"San Jose Sharks","Arizona Coyotes",1,0
342,"New York Islanders","Pittsburgh Penguins",0,0
343,"Calgary Flames","Toronto Maple Leafs",0,0
344,"Los Angeles Kings","San Jose Sharks",0,0
345,"Boston Bruins","Carolina Hurricanes",1,1
346,"Buffalo Sabres","New York Rangers",0,0
347,"Pittsburgh Penguins","Dallas Stars",0,0
348,"Washington Capitals","New York Islanders",0,0
349,"Ottawa Senators","Philadelphia Flyers",1,0
350,"Detroit Red Wings","Florida Panthers",1,0
351,"St. Louis Blues","Tampa Bay Lightning",0,0
352,"Winnipeg Jets","Edmonton Oilers",0,0
353,"Chicago Blackhawks","New Jersey Devils",1,0
354,"Colorado Avalanche","Columbus Blue Jackets",0,0
355,"Arizona Coyotes","Los Angeles Kings",0,0
356,"Vancouver Canucks","Anaheim Ducks",0,0
357,"Calgary Flames","Minnesota Wild",1,1
358,"San Jose Sharks","Montréal Canadiens",0,0
359,"Buffalo Sabres","Boston Bruins",0,0
360,"New York Rangers","Carolina Hurricanes",0,0
361,"Philadelphia Flyers","Chicago Blackhawks",0,0
362,"Nashville Predators","New Jersey Devils",1,0
363,"Ottawa Senators","Florida Panthers",0,0
364,"Tampa Bay Lightning","Washington Capitals",1,1
365,"Pittsburgh Penguins","Detroit Red Wings",0,0
366,"St. Louis Blues","Winnipeg Jets",1,0
367,"Vancouver Canucks","Toronto Maple Leafs",1,1
368,"Arizona Coyotes","Columbus Blue Jackets",1,1
369,"Colorado Avalanche","Dallas Stars",0,0
370,"Edmonton Oilers","Anaheim Ducks",1,0
371,"Carolina Hurricanes","Tampa Bay Lightning",1,0
372,"New York Islanders","Detroit Red Wings",1,0
373,"Nashville Predators","Philadelphia Flyers",0,0
374,"Chicago Blackhawks","Winnipeg Jets",0,0
375,"Calgary Flames","Anaheim Ducks",0,0
376,"Edmonton Oilers","Minnesota Wild",1,0
377,"Los Angeles Kings","Montréal Canadiens",1,1
378,"Boston Bruins","Florida Panthers",1,0
379,"Pittsburgh Penguins","Ottawa Senators",0,0
380,"Washington Capitals","Buffalo Sabres",1,0
381,"Columbus Blue Jackets","Arizona Coyotes",0,0
382,"Buffalo Sabres","Edmonton Oilers",1,0
383,"New Jersey Devils","Vancouver Canucks",0,0
384,"New York Islanders","New York Rangers",0,0
385,"Philadelphia Flyers","Florida Panthers",1,0
386,"St. Louis Blues","Montréal Canadiens",1,0
387,"Nashville Predators","Colorado Avalanche",0,0
388,"Winnipeg Jets","Detroit Red Wings",1,1
389,"Chicago Blackhawks","Arizona Coyotes",0,0
390,"Dallas Stars","Calgary Flames",0,0
391,"Toronto Maple Leafs","Minnesota Wild",0,0
392,"Washington Capitals","Boston Bruins",1,0
393,"Anaheim Ducks","Carolina Hurricanes",1,1
394,"San Jose Sharks","Ottawa Senators",0,0
395,"Boston Bruins","Colorado Avalanche",0,0
396,"New York Islanders","St. Louis Blues",0,0
397,"Philadelphia Flyers","Edmonton Oilers",0,0
398,"Montréal Canadiens","New Jersey Devils",0,0
399,"Tampa Bay Lightning","Vancouver Canucks",0,0
400,"Florida Panthers","Pittsburgh Penguins",0,0
401,"Winnipeg Jets","New York Rangers",0,0
402,"Dallas Stars","Nashville Predators",0,0
403,"Arizona Coyotes","Calgary Flames",1,0
404,"Los Angeles Kings","Carolina Hurricanes",0,0
405,"Buffalo Sabres","Washington Capitals",0,0
406,"Detroit Red Wings","Columbus Blue Jackets",0,0
407,"New Jersey Devils","St. Louis Blues",0,0
408,"Minnesota Wild","Edmonton Oilers",1,1
409,"Chicago Blackhawks","New York Rangers",1,0
410,"Anaheim Ducks","San Jose Sharks",0,0
411,"Philadelphia Flyers","Dallas Stars",0,0
412,"Los Angeles Kings","Ottawa Senators",0,0
413,"Boston Bruins","Toronto Maple Leafs",0,0
414,"Montréal Canadiens","Colorado Avalanche",0,0
415,"Tampa Bay Lightning","Pittsburgh Penguins",0,0
416,"Florida Panthers","Vancouver Canucks",0,0
417,"Columbus Blue Jackets","New York Islanders",0,0
418,"Arizona Coyotes","Nashville Predators",0,0
419,"Calgary Flames","Winnipeg Jets",0,0
420,"San Jose Sharks","Carolina Hurricanes",0,0
421,"Anaheim Ducks","Ottawa Senators",0,0
422,"Detroit Red Wings","Philadelphia Flyers",1,0
423,"Washington Capitals","Vancouver Canucks",0,0
424,"Minnesota Wild","St. Louis Blues",0,0
425,"Toronto Maple Leafs","Colorado Avalanche",0,0
426,"New York Rangers","New Jersey Devils",0,0
427,"Chicago Blackhawks","Dallas Stars",0,0
428,"Edmonton Oilers","Winnipeg Jets",0,0
429,"Pittsburgh Penguins","Arizona Coyotes",0,0
430,"Montréal Canadiens","Boston Bruins",1,0
431,"Buffalo Sabres","Los Angeles Kings",0,0
432,"New York Islanders","Washington Capitals",0,0
433,"New York Rangers","Chicago Blackhawks",0,0
434,"Carolina Hurricanes","Vancouver Canucks",0,0
435,"Toronto Maple Leafs","San Jose Sharks",1,1
436,"Detroit Red Wings","Arizona Coyotes",0,0
437,"Nashville Predators","St. Louis Blues",0,0
438,"Minnesota Wild","Florida Panthers",0,0
439,"Dallas Stars","Anaheim Ducks",0,0
440,"Edmonton Oilers","Columbus Blue Jackets",0,0
441,"Ottawa Senators","San Jose Sharks",1,1
442,"Pittsburgh Penguins","Boston Bruins",1,0
443,"Calgary Flames","Tampa Bay Lightning",0,0
444,"Colorado Avalanche","Philadelphia Flyers",0,0
445,"Boston Bruins","Anaheim Ducks",0,0
446,"New York Islanders","Chicago Blackhawks",0,0
447,"Toronto Maple Leafs","Arizona Coyotes",1,1
448,"Detroit Red Wings","Los Angeles Kings",0,0
449,"St. Louis Blues","New Jersey Devils",0,0
450,"Nashville Predators","Minnesota Wild",0,0
451,"Winnipeg Jets","Florida Panthers",1,1
452,"Dallas Stars","New York Rangers",0,0
453,"Buffalo Sabres","New York Islanders",1,0
454,"Pittsburgh Penguins","Los Angeles Kings",1,0
455,"Montréal Canadiens","San Jose Sharks",0,0
456,"Carolina Hurricanes","Washington Capitals",1,1
457,"Colorado Avalanche","Florida Panthers",0,0
458,"Calgary Flames","Columbus Blue Jackets",0,0
459,"Vancouver Canucks","Tampa Bay Lightning",0,0
460,"Dallas Stars","Philadelphia Flyers",0,0
461,"Minnesota Wild","Arizona Coyotes",0,0
462,"Toronto Maple Leafs","Pittsburgh Penguins",1,0
463,"Ottawa Senators","New Jersey Devils",0,0
464,"Detroit Red Wings","Anaheim Ducks",0,0
465,"Washington Capitals","Montréal Canadiens",0,0
466,"Carolina Hurricanes","Buffalo Sabres",1,1
467,"St. Louis Blues","Chicago Blackhawks",0,0
468,"Nashville Predators","New York Rangers",1,1
469,"Edmonton Oilers","Tampa Bay Lightning",1,1
470,"Boston Bruins","Los Angeles Kings",0,0
471,"Winnipeg Jets","Colorado Avalanche",0,0
472,"Vancouver Canucks","Columbus Blue Jackets",1,0
473,"New York Islanders","Ottawa Senators",0,0
474,"Chicago Blackhawks","San Jose Sharks",0,0
475,"New York Rangers","New Jersey Devils",1,1
476,"Philadelphia Flyers","Nashville Predators",1,1
477,"Carolina Hurricanes","Detroit Red Wings",1,0
478,"Toronto Maple Leafs","Anaheim Ducks",0,0
479,"St. Louis Blues","Edmonton Oilers",1,0
480,"Arizona Coyotes","Calgary Flames",0,0
481,"Boston Bruins","New York Islanders",0,0
482,"New Jersey Devils","Nashville Predators",0,0
483,"Pittsburgh Penguins","New York Rangers",0,0
484,"Columbus Blue Jackets","Los Angeles Kings",1,1
485,"Montréal Canadiens","Anaheim Ducks",0,0
486,"Tampa Bay Lightning","Detroit Red Wings",0,0
487,"Florida Panthers","Buffalo Sabres",1,1
488,"Minnesota Wild","Colorado Avalanche",0,0
489,"Chicago Blackhawks","Ottawa Senators",0,0
490,"Dallas Stars","St. Louis Blues",1,0
491,"Vancouver Canucks","Winnipeg Jets",0,0
492,"San Jose Sharks","Calgary Flames",0,0
493,"Philadelphia Flyers","Washington Capitals",1,1
494,"Arizona Coyotes","Edmonton Oilers",0,0
495,"Buffalo Sabres","Carolina Hurricanes",0,0
496,"New Jersey Devils","Philadelphia Flyers",0,0
497,"Columbus Blue Jackets","Pittsburgh Penguins",0,0
498,"Montréal Canadiens","Minnesota Wild",0,0
499,"Ottawa Senators","Anaheim Ducks",1,0
500,"Tampa Bay Lightning","St. Louis Blues",0,0
501,"Florida Panthers","Boston Bruins",0,0
502,"Nashville Predators","Los Angeles Kings",0,0
503,"Colorado Avalanche","Toronto Maple Leafs",0,0
504,"Vancouver Canucks","Winnipeg Jets",0,0
505,"New York Islanders","Buffalo Sabres",0,0
506,"New York Rangers","Minnesota Wild",0,0
507,"Pittsburgh Penguins","New Jersey Devils",0,0
508,"Washington Capitals","Tampa Bay Lightning",0,0
509,"Columbus Blue Jackets","Montréal Canadiens",0,0
510,"Florida Panthers","Detroit Red Wings",1,1
511,"Carolina Hurricanes","Boston Bruins",1,0
512,"Chicago Blackhawks","Colorado Avalanche",1,0
513,"Dallas Stars","Los Angeles Kings",1,0
514,"Calgary Flames","Vancouver Canucks",0,0
515,"Arizona Coyotes","Toronto Maple Leafs",0,0
516,"San Jose Sharks","Edmonton Oilers",1,0
517,"New Jersey Devils","Pittsburgh Penguins",0,0
518,"New York Islanders","Washington Capitals",0,0
519,"New York Rangers","Ottawa Senators",0,0
520,"Columbus Blue Jackets","Boston Bruins",0,0
521,"Detroit Red Wings","Buffalo Sabres",0,0
522,"Nashville Predators","Minnesota Wild",1,0
523,"Chicago Blackhawks","Winnipeg Jets",0,0
524,"Colorado Avalanche","Calgary Flames",0,0
525,"Arizona Coyotes","Dallas Stars",0,0
526,"Anaheim Ducks","San Jose Sharks",1,0
527,"Florida Panthers","Toronto Maple Leafs",1,1
528,"Pittsburgh Penguins","Carolina Hurricanes",0,0
529,"Tampa Bay Lightning","Montréal Canadiens",1,0
530,"St. Louis Blues","Philadelphia Flyers",0,0
531,"Vancouver Canucks","Los Angeles Kings",0,0
532,"Buffalo Sabres","Boston Bruins",0,0
533,"Washington Capitals","New Jersey Devils",1,1
534,"Ottawa Senators","Detroit Red Wings",1,0
535,"Tampa Bay Lightning","Toronto Maple Leafs",1,0
536,"Florida Panthers","Montréal Canadiens",1,0
537,"Nashville Predators","Chicago Blackhawks",0,0
538,"Minnesota Wild","New York Islanders",0,0
539,"Winnipeg Jets","Columbus Blue Jackets",0,0
540,"Dallas Stars","Colorado Avalanche",0,0
541,"Calgary Flames","Anaheim Ducks",0,0
542,"Edmonton Oilers","Los Angeles Kings",0,0
543,"Arizona Coyotes","New York Rangers",0,0
544,"Carolina Hurricanes","Chicago Blackhawks",0,0
545,"St. Louis Blues","Nashville Predators",0,0
546,"Vancouver Canucks","Anaheim Ducks",1,0
547,"San Jose Sharks","Philadelphia Flyers",0,0
548,"Boston Bruins","Buffalo Sabres",0,0
549,"New Jersey Devils","Washington Capitals",0,0
550,"Minnesota Wild","Columbus Blue Jackets",0,0
551,"Tampa Bay Lightning","Carolina Hurricanes",0,0
552,"Pittsburgh Penguins","Montréal Canadiens",1,0
553,"Winnipeg Jets","New York Islanders",0,0
554,"Dallas Stars","Florida Panthers",0,0
555,"Colorado Avalanche","New York Rangers",0,0
556,"Calgary Flames","Arizona Coyotes",0,0
557,"Edmonton Oilers","Vancouver Canucks",1,1
558,"Los Angeles Kings","San Jose Sharks",0,0
559,"Toronto Maple Leafs","Detroit Red Wings",1,0
560,"Washington Capitals","Ottawa Senators",0,0
561,"Anaheim Ducks","Philadelphia Flyers",1,1
562,"St. Louis Blues","Chicago Blackhawks",0,0
563,"New Jersey Devils","Boston Bruins",0,0
564,"Vancouver Canucks","Colorado Avalanche",0,0
565,"New York Rangers","Buffalo Sabres",0,0
566,"Washington Capitals","Toronto Maple Leafs",1,0
567,"Carolina Hurricanes","New Jersey Devils",0,0
568,"Columbus Blue Jackets","Edmonton Oilers",0,0
569,"Tampa Bay Lightning","Winnipeg Jets",0,0
570,"Nashville Predators","Montréal Canadiens",1,0
571,"San Jose Sharks","Los Angeles Kings",1,0
572,"Florida Panthers","Winnipeg Jets",0,0
573,"Philadelphia Flyers","New York Rangers",0,0
574,"Dallas Stars","Montréal Canadiens",1,0
575,"Calgary Flames","Colorado Avalanche",0,0
576,"Vancouver Canucks","Arizona Coyotes",0,0
577,"Anaheim Ducks","Detroit Red Wings",0,0
578,"Boston Bruins","Edmonton Oilers",0,0
579,"Washington Capitals","Columbus Blue Jackets",0,0
580,"Tampa Bay Lightning","Nashville Predators",0,0
581,"St. Louis Blues","Carolina Hurricanes",0,0
582,"Chicago Blackhawks","Buffalo Sabres",1,0
583,"Los Angeles Kings","Detroit Red Wings",0,0
584,"San Jose Sharks","Minnesota Wild",0,0
585,"Florida Panthers","Nashville Predators",0,0
586,"New Jersey Devils","Toronto Maple Leafs",0,0
587,"Chicago Blackhawks","Carolina Hurricanes",0,0
588,"Colorado Avalanche","New York Islanders",1,0
589,"Vancouver Canucks","Calgary Flames",0,0
590,"Anaheim Ducks","Arizona Coyotes",1,0
591,"Buffalo Sabres","Winnipeg Jets",0,0
592,"Philadelphia Flyers","Tampa Bay Lightning",0,0
593,"Los Angeles Kings","Minnesota Wild",1,0
594,"Toronto Maple Leafs","Montréal Canadiens",0,0
595,"Ottawa Senators","Washington Capitals",0,0
596,"Florida Panthers","Boston Bruins",0,0
597,"New Jersey Devils","Edmonton Oilers",1,0
598,"Columbus Blue Jackets","New York Rangers",0,0
599,"St. Louis Blues","Dallas Stars",0,0
600,"Arizona Coyotes","New York Islanders",1,1
601,"Calgary Flames","Vancouver Canucks",0,0
602,"San Jose Sharks","Detroit Red Wings",0,0
603,"Pittsburgh Penguins","Tampa Bay Lightning",0,0
604,"Carolina Hurricanes","Boston Bruins",1,0
605,"Columbus Blue Jackets","Philadelphia Flyers",1,0
606,"Ottawa Senators","Edmonton Oilers",0,0
607,"Chicago Blackhawks","Nashville Predators",0,0
608,"Anaheim Ducks","Minnesota Wild",0,0
609,"New Jersey Devils","Florida Panthers",0,0
610,"Montréal Canadiens","Washington Capitals",0,0
611,"Winnipeg Jets","Calgary Flames",0,0
612,"Los Angeles Kings","Dallas Stars",0,0
613,"Buffalo Sabres","Philadelphia Flyers",0,0
614,"Carolina Hurricanes","Columbus Blue Jackets",0,0
615,"St. Louis Blues","Boston Bruins",0,0
616,"Nashville Predators","Vancouver Canucks",1,0
617,"Chicago Blackhawks","Detroit Red Wings",1,0
618,"Edmonton Oilers","San Jose Sharks",0,0
619,"Anaheim Ducks","Dallas Stars",0,0
620,"New York Islanders","Florida Panthers",0,0
621,"Winnipeg Jets","Montréal Canadiens",0,0
622,"Washington Capitals","Pittsburgh Penguins",0,0
623,"Calgary Flames","San Jose Sharks",0,0
624,"Philadelphia Flyers","Vancouver Canucks",1,1
625,"Ottawa Senators","Pittsburgh Penguins",0,0
626,"Tampa Bay Lightning","Buffalo Sabres",0,0
627,"Nashville Predators","Boston Bruins",0,0
628,"Minnesota Wild","Montréal Canadiens",0,0
629,"Dallas Stars","Detroit Red Wings",0,0
630,"Colorado Avalanche","Anaheim Ducks",0,0
631,"Edmonton Oilers","New Jersey Devils",1,0
632,"Los Angeles Kings","St. Louis Blues",0,0
633,"New York Rangers","Toronto Maple Leafs",0,0
634,"Washington Capitals","Chicago Blackhawks",0,0
635,"Tampa Bay Lightning","Columbus Blue Jackets",0,0
636,"Florida Panthers","New York Islanders",0,0
637,"Carolina Hurricanes","Buffalo Sabres",0,0
638,"Calgary Flames","New Jersey Devils",0,0
639,"Arizona Coyotes","Winnipeg Jets",0,0
640,"Boston Bruins","Philadelphia Flyers",0,0
641,"Colorado Avalanche","Nashville Predators",0,0
642,"Montréal Canadiens","New York Rangers",0,0
643,"Ottawa Senators","Toronto Maple Leafs",0,0
644,"Detroit Red Wings","Pittsburgh Penguins",0,0
645,"Florida Panthers","Columbus Blue Jackets",0,0
646,"Carolina Hurricanes","New York Islanders",0,0
647,"Arizona Coyotes","Anaheim Ducks",0,0
648,"Dallas Stars","Minnesota Wild",0,0
649,"Edmonton Oilers","Calgary Flames",1,1
650,"Los Angeles Kings","Winnipeg Jets",1,0
651,"San Jose Sharks","St. Louis Blues",0,0
652,"Washington Capitals","Philadelphia Flyers",0,0
653,"Chicago Blackhawks","Minnesota Wild",0,0
654,"Vancouver Canucks","New Jersey Devils",1,0
655,"Anaheim Ducks","St. Louis Blues",1,0
656,"Boston Bruins","New York Islanders",0,0
657,"Buffalo Sabres","Dallas Stars",0,0
658,"Detroit Red Wings","Montréal Canadiens",0,0
659,"Los Angeles Kings","Tampa Bay Lightning",0,0
660,"San Jose Sharks","Winnipeg Jets",0,0
661,"Pittsburgh Penguins","Washington Capitals",1,0
662,"Edmonton Oilers","Arizona Coyotes",0,0
663,"New York Rangers","Dallas Stars",0,0
664,"Columbus Blue Jackets","Carolina Hurricanes",0,0
665,"Toronto Maple Leafs","Buffalo Sabres",0,0
666,"St. Louis Blues","Ottawa Senators",0,0
667,"Minnesota Wild","New Jersey Devils",0,0
668,"Colorado Avalanche","Chicago Blackhawks",0,0
669,"Calgary Flames","Florida Panthers",0,0
670,"Vancouver Canucks","Nashville Predators",0,0
671,"Anaheim Ducks","Tampa Bay Lightning",1,0
672,"Montréal Canadiens","Pittsburgh Penguins",0,0
673,"Winnipeg Jets","Arizona Coyotes",0,0
674,"Detroit Red Wings","Boston Bruins",1,1
675,"Edmonton Oilers","Florida Panthers",1,0
676,"Los Angeles Kings","San Jose Sharks",0,0
677,"New York Islanders","Dallas Stars",0,0
678,"Columbus Blue Jackets","Ottawa Senators",0,0
679,"Toronto Maple Leafs","New York Rangers",0,0
680,"St. Louis Blues","Washington Capitals",0,0
681,"Minnesota Wild","Arizona Coyotes",0,0
682,"Calgary Flames","Nashville Predators",0,0
683,"Anaheim Ducks","Colorado Avalanche",0,0
684,"San Jose Sharks","Tampa Bay Lightning",0,0
685,"Boston Bruins","Chicago Blackhawks",0,0
686,"Buffalo Sabres","Detroit Red Wings",1,0
687,"Carolina Hurricanes","Pittsburgh Penguins",0,0
688,"New Jersey Devils","Montréal Canadiens",0,0
689,"Edmonton Oilers","Nashville Predators",1,1
690,"Vancouver Canucks","Florida Panthers",0,0
691,"Winnipeg Jets","St. Louis Blues",0,0
692,"Columbus Blue Jackets","Carolina Hurricanes",0,0
693,"Toronto Maple Leafs","Ottawa Senators",1,1
694,"Montréal Canadiens","Buffalo Sabres",1,0
695,"New York Islanders","Los Angeles Kings",0,0
696,"Philadelphia Flyers","New Jersey Devils",0,0
697,"Dallas Stars","Washington Capitals",1,0
698,"Arizona Coyotes","Tampa Bay Lightning",0,0
699,"Minnesota Wild","Anaheim Ducks",0,0
700,"Calgary Flames","Edmonton Oilers",0,0
701,"San Jose Sharks","Colorado Avalanche",1,0
702,"Pittsburgh Penguins","Boston Bruins",0,0
703,"Detroit Red Wings","New York Rangers",1,0
704,"Ottawa Senators","Columbus Blue Jackets",1,0
705,"New York Islanders","Philadelphia Flyers",1,0
706,"Chicago Blackhawks","Vancouver Canucks",0,0
707,"Minnesota Wild","Nashville Predators",0,0
708,"New York Rangers","Los Angeles Kings",0,0
709,"Washington Capitals","Carolina Hurricanes",0,0
710,"Toronto Maple Leafs","Calgary Flames",0,0
711,"Winnipeg Jets","Anaheim Ducks",0,0
712,"Colorado Avalanche","San Jose Sharks",0,0
713,"Arizona Coyotes","Florida Panthers",1,0
714,"Boston Bruins","Detroit Red Wings",1,0
715,"New Jersey Devils","Los Angeles Kings",0,0
716,"New York Islanders","Columbus Blue Jackets",0,0
717,"Pittsburgh Penguins","St. Louis Blues",0,0
718,"Montréal Canadiens","Calgary Flames",0,0
719,"Ottawa Senators","Washington Capitals",0,0
720,"Nashville Predators","Buffalo Sabres",1,0
721,"Winnipeg Jets","San Jose Sharks",0,0
722,"Chicago Blackhawks","Tampa Bay Lightning",0,0
723,"Dallas Stars","Minnesota Wild",1,1
724,"Detroit Red Wings","Toronto Maple Leafs",0,0
725,"New York Rangers","Philadelphia Flyers",0,0
726,"Colorado Avalanche","Vancouver Canucks",0,0
727,"Anaheim Ducks","Edmonton Oilers",0,0
728,"Boston Bruins","Pittsburgh Penguins",0,0
729,"New Jersey Devils","Washington Capitals",0,0
730,"New York Islanders","Montréal Canadiens",0,0
731,"Philadelphia Flyers","Toronto Maple Leafs",0,0
732,"Carolina Hurricanes","Los Angeles Kings",0,0
733,"Ottawa Senators","Calgary Flames",1,0
734,"Florida Panthers","Tampa Bay Lightning",1,0
735,"Nashville Predators","Columbus Blue Jackets",0,0
736,"Minnesota Wild","St. Louis Blues",0,0
737,"Chicago Blackhawks","Winnipeg Jets",0,0
738,"Dallas Stars","Buffalo Sabres",0,0
739,"Arizona Coyotes","Vancouver Canucks",0,0
740,"San Jose Sharks","Edmonton Oilers",0,0
741,"New York Islanders","Washington Capitals",0,0
742,"New York Rangers","Columbus Blue Jackets",0,0
743,"Pittsburgh Penguins","Nashville Predators",0,0
744,"Carolina Hurricanes","Philadelphia Flyers",0,0
745,"Montréal Canadiens","Buffalo Sabres",0,0
746,"Detroit Red Wings","New Jersey Devils",0,0
747,"Tampa Bay Lightning","Boston Bruins",0,0
748,"Florida Panthers","Ottawa Senators",0,0
749,"St. Louis Blues","Winnipeg Jets",0,0
750,"Dallas Stars","Toronto Maple Leafs",0,0
751,"Edmonton Oilers","Minnesota Wild",0,0
752,"Arizona Coyotes","Los Angeles Kings",0,0
753,"Anaheim Ducks","Colorado Avalanche",0,0
754,"San Jose Sharks","Chicago Blackhawks",0,0
755,"Washington Capitals","Boston Bruins",0,0
756,"Calgary Flames","Minnesota Wild",0,0
757,"Los Angeles Kings","Colorado Avalanche",0,0
758,"Buffalo Sabres","New York Rangers",1,0
759,"Philadelphia Flyers","Montréal Canadiens",0,0
760,"Tampa Bay Lightning","Ottawa Senators",0,0
761,"St. Louis Blues","Toronto Maple Leafs",0,0
762,"Nashville Predators","Edmonton Oilers",0,0
763,"Dallas Stars","Winnipeg Jets",0,0
764,"Arizona Coyotes","Chicago Blackhawks",0,0
765,"Vancouver Canucks","San Jose Sharks",0,0
766,"Pittsburgh Penguins","Columbus Blue Jackets",1,0
767,"Detroit Red Wings","New York Islanders",0,0
768,"Florida Panthers","Anaheim Ducks",0,0
769,"New Jersey Devils","Calgary Flames",1,0
770,"Carolina Hurricanes","Edmonton Oilers",0,0
771,"Montréal Canadiens","Washington Capitals",0,0
772,"Philadelphia Flyers","Los Angeles Kings",1,0
773,"Colorado Avalanche","Winnipeg Jets",0,0
774,"Boston Bruins","Toronto Maple Leafs",0,0
775,"Buffalo Sabres","Ottawa Senators",0,0
776,"Tampa Bay Lightning","Anaheim Ducks",1,1
777,"New York Islanders","Carolina Hurricanes",1,0
778,"Columbus Blue Jackets","New Jersey Devils",0,0
779,"St. Louis Blues","Pittsburgh Penguins",0,0
780,"Nashville Predators","Detroit Red Wings",0,0
781,"Dallas Stars","Chicago Blackhawks",0,0
782,"Vancouver Canucks","Minnesota Wild",0,0
783,"San Jose Sharks","Arizona Coyotes",1,1
784,"Washington Capitals","Los Angeles Kings",0,0
785,"Montréal Canadiens","Edmonton Oilers",1,1
786,"New York Rangers","Calgary Flames",0,0
787,"New Jersey Devils","Buffalo Sabres",0,0
788,"New York Islanders","Toronto Maple Leafs",1,0
789,"Philadelphia Flyers","St. Louis Blues",0,0
790,"Buffalo Sabres","San Jose Sharks",1,0
791,"New York Rangers","Anaheim Ducks",0,0
792,"Pittsburgh Penguins","Calgary Flames",1,1
793,"Washington Capitals","Carolina Hurricanes",0,0
794,"Toronto Maple Leafs","Dallas Stars",0,0
795,"Ottawa Senators","St. Louis Blues",0,0
796,"Detroit Red Wings","Columbus Blue Jackets",1,0
797,"Tampa Bay Lightning","Los Angeles Kings",0,0
798,"Nashville Predators","Vancouver Canucks",0,0
799,"Winnipeg Jets","Minnesota Wild",0,0
800,"Colorado Avalanche","Montréal Canadiens",0,0
801,"Minnesota Wild","Chicago Blackhawks",1,0
802,"Boston Bruins","San Jose Sharks",0,0
803,"Buffalo Sabres","Anaheim Ducks",0,0
804,"New York Rangers","Nashville Predators",0,0
805,"Philadelphia Flyers","New York Islanders",0,0
806,"Washington Capitals","Detroit Red Wings",0,0
807,"Columbus Blue Jackets","Vancouver Canucks",0,0
808,"Toronto Maple Leafs","St. Louis Blues",1,0
809,"Ottawa Senators","Dallas Stars",0,0
810,"Florida Panthers","Los Angeles Kings",0,0
811,"Colorado Avalanche","Pittsburgh Penguins",0,0
812,"Arizona Coyotes","Montréal Canadiens",1,0
813,"Minnesota Wild","Tampa Bay Lightning",1,1
814,"Winnipeg Jets","Chicago Blackhawks",0,0
815,"Boston Bruins","Vancouver Canucks",0,0
816,"Ottawa Senators","New York Islanders",0,0
817,"Philadelphia Flyers","San Jose Sharks",1,0
818,"Nashville Predators","Florida Panthers",0,0
819,"Dallas Stars","Carolina Hurricanes",0,0
820,"Columbus Blue Jackets","Detroit Red Wings",0,0
821,"Toronto Maple Leafs","Buffalo Sabres",0,0
822,"Montréal Canadiens","St. Louis Blues",0,0
823,"New York Rangers","Colorado Avalanche",0,0
824,"Washington Capitals","Anaheim Ducks",0,0
825,"Winnipeg Jets","Tampa Bay Lightning",0,0
826,"Arizona Coyotes","Pittsburgh Penguins",1,0
827,"Edmonton Oilers","Chicago Blackhawks",0,0
828,"New Jersey Devils","San Jose Sharks",0,0
829,"Minnesota Wild","Detroit Red Wings",0,0
830,"New York Islanders","Colorado Avalanche",0,0
831,"Nashville Predators","Dallas Stars",0,0
832,"Boston Bruins","Montréal Canadiens",0,0
833,"Buffalo Sabres","Vancouver Canucks",0,0
834,"Columbus Blue Jackets","New York Rangers",0,0
835,"Calgary Flames","Arizona Coyotes",0,0
836,"New Jersey Devils","Colorado Avalanche",0,0
837,"Pittsburgh Penguins","Vancouver Canucks",0,0
838,"Toronto Maple Leafs","New York Islanders",0,0
839,"Ottawa Senators","Buffalo Sabres",0,0
840,"Minnesota Wild","Anaheim Ducks",0,0
841,"Winnipeg Jets","Dallas Stars",0,0
842,"Edmonton Oilers","Arizona Coyotes",0,0
843,"Columbus Blue Jackets","Toronto Maple Leafs",0,0
844,"Detroit Red Wings","St. Louis Blues",0,0
845,"Calgary Flames","Philadelphia Flyers",0,0
846,"San Jose Sharks","Florida Panthers",1,0
847,"Buffalo Sabres","Colorado Avalanche",0,0
848,"New Jersey Devils","Ottawa Senators",0,0
849,"New York Islanders","New York Rangers",0,0
850,"Pittsburgh Penguins","Winnipeg Jets",1,0
851,"St. Louis Blues","Vancouver Canucks",0,0
852,"Minnesota Wild","Dallas Stars",0,0
853,"Edmonton Oilers","Philadelphia Flyers",0,0
854,"Los Angeles Kings","Arizona Coyotes",0,0
855,"Columbus Blue Jackets","Pittsburgh Penguins",1,0
856,"Carolina Hurricanes","Colorado Avalanche",1,0
857,"Anaheim Ducks","Florida Panthers",0,0
858,"Buffalo Sabres","St. Louis Blues",0,0
859,"Montréal Canadiens","Winnipeg Jets",0,0
860,"Detroit Red Wings","Washington Capitals",1,1
861,"Toronto Maple Leafs","Ottawa Senators",0,0
862,"New Jersey Devils","New York Islanders",0,0
863,"Chicago Blackhawks","Edmonton Oilers",0,0
864,"Dallas Stars","Tampa Bay Lightning",1,0
865,"Minnesota Wild","Nashville Predators",0,0
866,"Arizona Coyotes","San Jose Sharks",0,0
867,"Vancouver Canucks","Calgary Flames",1,0
868,"Los Angeles Kings","Florida Panthers",0,0
869,"New York Rangers","Washington Capitals",0,0
870,"Pittsburgh Penguins","Detroit Red Wings",0,0
871,"Ottawa Senators","Winnipeg Jets",0,0
872,"Buffalo Sabres","Chicago Blackhawks",0,0
873,"New York Islanders","New Jersey Devils",0,0
874,"Columbus Blue Jackets","Nashville Predators",0,0
875,"Carolina Hurricanes","Toronto Maple Leafs",0,0
876,"Colorado Avalanche","Tampa Bay Lightning",1,0
877,"San Jose Sharks","Boston Bruins",1,0
878,"Anaheim Ducks","Los Angeles Kings",0,0
879,"Vancouver Canucks","Philadelphia Flyers",0,0
880,"St. Louis Blues","Florida Panthers",0,0
881,"Arizona Coyotes","Anaheim Ducks",0,0
882,"New Jersey Devils","Ottawa Senators",0,0
883,"New York Rangers","Montréal Canadiens",1,1
884,"Carolina Hurricanes","Pittsburgh Penguins",0,0
885,"Toronto Maple Leafs","Winnipeg Jets",1,0
886,"Detroit Red Wings","New York Islanders",0,0
887,"Tampa Bay Lightning","Edmonton Oilers",0,0
888,"Nashville Predators","Calgary Flames",1,0
889,"Minnesota Wild","Chicago Blackhawks",0,0
890,"Colorado Avalanche","Los Angeles Kings",0,0
891,"Florida Panthers","Edmonton Oilers",0,0
892,"Philadelphia Flyers","Washington Capitals",0,0
893,"Anaheim Ducks","Boston Bruins",0,0
894,"Toronto Maple Leafs","New York Rangers",1,1
895,"Montréal Canadiens","New York Islanders",0,0
896,"Tampa Bay Lightning","Calgary Flames",0,0
897,"Nashville Predators","Colorado Avalanche",0,0
898,"Chicago Blackhawks","Arizona Coyotes",0,0
899,"Los Angeles Kings","Boston Bruins",0,0
900,"Washington Capitals","Edmonton Oilers",0,0
901,"Florida Panthers","Calgary Flames",0,0
902,"Carolina Hurricanes","Ottawa Senators",0,0
903,"Dallas Stars","Arizona Coyotes",0,0
904,"Los Angeles Kings","Anaheim Ducks",0,0
905,"New Jersey Devils","New York Rangers",1,0
906,"Nashville Predators","Washington Capitals",0,0
907,"Toronto Maple Leafs","Montréal Canadiens",1,0
908,"Pittsburgh Penguins","Philadelphia Flyers",0,0
909,"Columbus Blue Jackets","New York Islanders",0,0
910,"Colorado Avalanche","Buffalo Sabres",0,0
911,"Vancouver Canucks","San Jose Sharks",0,0
912,"Dallas Stars","Boston Bruins",0,0
913,"Carolina Hurricanes","Calgary Flames",0,0
914,"New York Rangers","Columbus Blue Jackets",0,0
915,"Nashville Predators","Edmonton Oilers",0,0
916,"Florida Panthers","Ottawa Senators",0,0
917,"Chicago Blackhawks","St. Louis Blues",0,0
918,"Arizona Coyotes","Buffalo Sabres",0,0
919,"New Jersey Devils","Montréal Canadiens",1,0
920,"Tampa Bay Lightning","Ottawa Senators",0,0
921,"Minnesota Wild","Los Angeles Kings",1,0
922,"Boston Bruins","Arizona Coyotes",0,0
923,"Buffalo Sabres","Nashville Predators",1,0
924,"New York Rangers","Washington Capitals",0,0
925,"Philadelphia Flyers","Colorado Avalanche",0,0
926,"Montréal Canadiens","Columbus Blue Jackets",1,0
927,"Florida Panthers","Carolina Hurricanes",1,1
928,"St. Louis Blues","Edmonton Oilers",0,0
929,"Winnipeg Jets","Minnesota Wild",0,0
930,"Dallas Stars","Pittsburgh Penguins",0,0
931,"Calgary Flames","Los Angeles Kings",1,0
932,"Vancouver Canucks","Detroit Red Wings",1,0
933,"San Jose Sharks","Toronto Maple Leafs",0,0
934,"Tampa Bay Lightning","Carolina Hurricanes",1,0
935,"Chicago Blackhawks","Pittsburgh Penguins",0,0
936,"Boston Bruins","New York Rangers",0,0
937,"Buffalo Sabres","Arizona Coyotes",0,0
938,"Philadelphia Flyers","Florida Panthers",1,1
939,"Washington Capitals","New Jersey Devils",0,0
940,"Columbus Blue Jackets","Minnesota Wild",0,0
941,"Montréal Canadiens","Nashville Predators",0,0
942,"Ottawa Senators","Colorado Avalanche",0,0
943,"Dallas Stars","New York Islanders",0,0
944,"Los Angeles Kings","Toronto Maple Leafs",1,1
945,"San Jose Sharks","Vancouver Canucks",0,0
946,"Pittsburgh Penguins","Tampa Bay Lightning",0,0
947,"Carolina Hurricanes","Arizona Coyotes",0,0
948,"Winnipeg Jets","St. Louis Blues",0,0
949,"Chicago Blackhawks","New York Islanders",1,1
950,"Calgary Flames","Detroit Red Wings",1,0
951,"Anaheim Ducks","Toronto Maple Leafs",0,0
952,"Boston Bruins","New Jersey Devils",0,0
953,"Buffalo Sabres","Tampa Bay Lightning",1,1
954,"Ottawa Senators","Columbus Blue Jackets",0,0
955,"Florida Panthers","Dallas Stars",0,0
956,"New York Rangers","Montréal Canadiens",0,0
957,"Washington Capitals","Philadelphia Flyers",1,0
958,"Winnipeg Jets","Colorado Avalanche",0,0
959,"Nashville Predators","Chicago Blackhawks",0,0
960,"Edmonton Oilers","Detroit Red Wings",0,0
961,"Los Angeles Kings","Vancouver Canucks",0,0
962,"Calgary Flames","New York Islanders",0,0
963,"New Jersey Devils","Columbus Blue Jackets",0,0
964,"Pittsburgh Penguins","Buffalo Sabres",0,0
965,"Minnesota Wild","San Jose Sharks",0,0
966,"Colorado Avalanche","St. Louis Blues",0,0
967,"Anaheim Ducks","Vancouver Canucks",0,0
968,"Arizona Coyotes","Carolina Hurricanes",0,0
969,"Washington Capitals","Dallas Stars",0,0
970,"Ottawa Senators","Boston Bruins",0,0
971,"Tampa Bay Lightning","New York Rangers",1,0
972,"Winnipeg Jets","San Jose Sharks",0,0
973,"Buffalo Sabres","Philadelphia Flyers",0,0
974,"Columbus Blue Jackets","New Jersey Devils",0,0
975,"Toronto Maple Leafs","Detroit Red Wings",0,0
976,"Florida Panthers","New York Rangers",0,0
977,"Minnesota Wild","St. Louis Blues",0,0
978,"Colorado Avalanche","Carolina Hurricanes",0,0
979,"Edmonton Oilers","New York Islanders",0,0
980,"Vancouver Canucks","Montréal Canadiens",1,0
981,"Anaheim Ducks","Nashville Predators",1,1
982,"Boston Bruins","Detroit Red Wings",0,0
983,"Dallas Stars","Ottawa Senators",0,0
984,"Winnipeg Jets","Pittsburgh Penguins",0,0
985,"Carolina Hurricanes","New York Rangers",0,0
986,"Toronto Maple Leafs","Philadelphia Flyers",0,0
987,"Tampa Bay Lightning","Minnesota Wild",0,0
988,"Chicago Blackhawks","Anaheim Ducks",0,0
989,"Colorado Avalanche","New Jersey Devils",0,0
990,"Calgary Flames","Montréal Canadiens",0,0
991,"Arizona Coyotes","Ottawa Senators",1,0
992,"Vancouver Canucks","New York Islanders",1,0
993,"Los Angeles Kings","Nashville Predators",1,0
994,"San Jose Sharks","Washington Capitals",0,0
995,"Columbus Blue Jackets","Buffalo Sabres",0,0
996,"Detroit Red Wings","Chicago Blackhawks",0,0
997,"Florida Panthers","Minnesota Wild",0,0
998,"St. Louis Blues","Anaheim Ducks",0,0
999,"Edmonton Oilers","Pittsburgh Penguins",1,1
1000,"Boston Bruins","Philadelphia Flyers",0,0
1001,"San Jose Sharks","Nashville Predators",0,0
1002,"Buffalo Sabres","Columbus Blue Jackets",0,0
1003,"Tampa Bay Lightning","Florida Panthers",0,0
1004,"Carolina Hurricanes","Toronto Maple Leafs",1,0
1005,"Winnipeg Jets","Calgary Flames",0,0
1006,"Colorado Avalanche","Ottawa Senators",0,0
1007,"St. Louis Blues","New York Islanders",0,0
1008,"Arizona Coyotes","New Jersey Devils",0,0
1009,"Vancouver Canucks","Pittsburgh Penguins",0,0
1010,"Los Angeles Kings","Washington Capitals",0,0
1011,"Detroit Red Wings","New York Rangers",0,0
1012,"Chicago Blackhawks","Minnesota Wild",0,0
1013,"Edmonton Oilers","Montréal Canadiens",0,0
1014,"Anaheim Ducks","Washington Capitals",0,0
1015,"San Jose Sharks","Dallas Stars",0,0
1016,"New York Islanders","Carolina Hurricanes",0,0
1017,"New York Rangers","Tampa Bay Lightning",0,0
1018,"Philadelphia Flyers","Columbus Blue Jackets",0,0
1019,"Nashville Predators","Winnipeg Jets",1,0
1020,"Calgary Flames","Pittsburgh Penguins",1,1
1021,"Vancouver Canucks","Boston Bruins",0,0
1022,"Arizona Coyotes","Colorado Avalanche",0,0
1023,"Los Angeles Kings","St. Louis Blues",0,0
1024,"New Jersey Devils","Winnipeg Jets",1,1
1025,"Washington Capitals","Minnesota Wild",0,0
1026,"Carolina Hurricanes","New York Islanders",1,0
1027,"Montréal Canadiens","Chicago Blackhawks",0,0
1028,"Ottawa Senators","Tampa Bay Lightning",1,0
1029,"Florida Panthers","Toronto Maple Leafs",0,0
1030,"Edmonton Oilers","Dallas Stars",0,0
1031,"Los Angeles Kings","Arizona Coyotes",1,1
1032,"San Jose Sharks","Buffalo Sabres",0,0
1033,"Philadelphia Flyers","Pittsburgh Penguins",0,0
1034,"Calgary Flames","Boston Bruins",0,0
1035,"Colorado Avalanche","Detroit Red Wings",0,0
1036,"Anaheim Ducks","St. Louis Blues",0,0
1037,"New Jersey Devils","Philadelphia Flyers",0,0
1038,"New York Islanders","Winnipeg Jets",0,0
1039,"Washington Capitals","Nashville Predators",1,0
1040,"Carolina Hurricanes","Minnesota Wild",0,0
1041,"Columbus Blue Jackets","Florida Panthers",0,0
1042,"Ottawa Senators","Chicago Blackhawks",0,0
1043,"Tampa Bay Lightning","Toronto Maple Leafs",0,0
1044,"Edmonton Oilers","Boston Bruins",0,0
1045,"Vancouver Canucks","Dallas Stars",0,0
1046,"Arizona Coyotes","Detroit Red Wings",1,1
1047,"Los Angeles Kings","Buffalo Sabres",0,0
1048,"San Jose Sharks","St. Louis Blues",0,0
1049,"New York Rangers","Florida Panthers",1,1
1050,"Pittsburgh Penguins","New Jersey Devils",0,0
1051,"Calgary Flames","Dallas Stars",0,0
1052,"Anaheim Ducks","Buffalo Sabres",1,1
1053,"Detroit Red Wings","Colorado Avalanche",0,0
1054,"New York Islanders","Columbus Blue Jackets",1,0
1055,"Toronto Maple Leafs","Chicago Blackhawks",1,0
1056,"Ottawa Senators","Montréal Canadiens",1,1
1057,"Tampa Bay Lightning","Washington Capitals",0,0
1058,"Carolina Hurricanes","Nashville Predators",0,0
1059,"Minnesota Wild","New York Rangers",0,0
1060,"Arizona Coyotes","St. Louis Blues",0,0
1061,"Edmonton Oilers","Vancouver Canucks",0,0
1062,"San Jose Sharks","Anaheim Ducks",0,0
1063,"New Jersey Devils","Columbus Blue Jackets",0,0
1064,"Pittsburgh Penguins","Florida Panthers",0,0
1065,"Winnipeg Jets","Minnesota Wild",0,0
1066,"Philadelphia Flyers","Carolina Hurricanes",1,0
1067,"Chicago Blackhawks","Colorado Avalanche",0,0
1068,"Montréal Canadiens","Ottawa Senators",0,0
1069,"Calgary Flames","Los Angeles Kings",0,0
1070,"Toronto Maple Leafs","Boston Bruins",0,0
1071,"Detroit Red Wings","Buffalo Sabres",0,0
1072,"Nashville Predators","Arizona Coyotes",0,0
1073,"Dallas Stars","San Jose Sharks",0,0
1074,"Edmonton Oilers","Los Angeles Kings",0,0
1075,"Boston Bruins","Ottawa Senators",0,0
1076,"Buffalo Sabres","Pittsburgh Penguins",0,0
1077,"New Jersey Devils","New York Rangers",1,0
1078,"Washington Capitals","Calgary Flames",0,0
1079,"Montréal Canadiens","Detroit Red Wings",1,0
1080,"Tampa Bay Lightning","Arizona Coyotes",0,0
1081,"Florida Panthers","Carolina Hurricanes",0,0
1082,"Minnesota Wild","San Jose Sharks",0,0
1083,"Winnipeg Jets","Philadelphia Flyers",0,0
1084,"Chicago Blackhawks","Vancouver Canucks",1,0
1085,"Colorado Avalanche","St. Louis Blues",0,0
1086,"Columbus Blue Jackets","Toronto Maple Leafs",0,0
1087,"New York Rangers","New York Islanders",0,0
1088,"Anaheim Ducks","Edmonton Oilers",0,0
1089,"Boston Bruins","Tampa Bay Lightning",0,0
1090,"Washington Capitals","Columbus Blue Jackets",1,1
1091,"Toronto Maple Leafs","New Jersey Devils",0,0
1092,"Montréal Canadiens","Carolina Hurricanes",0,0
1093,"Ottawa Senators","Pittsburgh Penguins",1,1
1094,"Florida Panthers","Arizona Coyotes",0,0
1095,"St. Louis Blues","Vancouver Canucks",0,0
1096,"Nashville Predators","Calgary Flames",0,0
1097,"Minnesota Wild","Philadelphia Flyers",0,0
1098,"Chicago Blackhawks","Dallas Stars",1,1
1099,"Colorado Avalanche","Edmonton Oilers",0,0
1100,"Los Angeles Kings","Winnipeg Jets",0,0
1101,"Pittsburgh Penguins","New York Islanders",1,1
1102,"Detroit Red Wings","Tampa Bay Lightning",1,0
1103,"Dallas Stars","San Jose Sharks",0,0
1104,"Anaheim Ducks","Winnipeg Jets",0,0
1105,"Columbus Blue Jackets","Philadelphia Flyers",0,0
1106,"Minnesota Wild","Vancouver Canucks",0,0
1107,"Buffalo Sabres","Toronto Maple Leafs",0,0
1108,"Montréal Canadiens","Ottawa Senators",0,0
1109,"Florida Panthers","Chicago Blackhawks",0,0
1110,"New Jersey Devils","Carolina Hurricanes",0,0
1111,"New York Islanders","Boston Bruins",0,0
1112,"Washington Capitals","Arizona Coyotes",0,0
1113,"St. Louis Blues","Calgary Flames",1,0
1114,"Nashville Predators","San Jose Sharks",0,0
1115,"Edmonton Oilers","Colorado Avalanche",0,0
1116,"Los Angeles Kings","New York Rangers",0,0
1117,"Pittsburgh Penguins","Philadelphia Flyers",0,0
1118,"New Jersey Devils","Dallas Stars",1,0
1119,"Detroit Red Wings","Minnesota Wild",1,0
1120,"Winnipeg Jets","Vancouver Canucks",0,0
1121,"Anaheim Ducks","New York Rangers",0,0
1122,"Buffalo Sabres","Florida Panthers",0,0
1123,"New York Islanders","Nashville Predators",0,0
1124,"Tampa Bay Lightning","Chicago Blackhawks",1,0
1125,"St. Louis Blues","Arizona Coyotes",0,0
1126,"Calgary Flames","Colorado Avalanche",0,0
1127,"Boston Bruins","Nashville Predators",0,0
1128,"Philadelphia Flyers","Ottawa Senators",1,1
1129,"Carolina Hurricanes","Detroit Red Wings",0,0
1130,"Columbus Blue Jackets","Buffalo Sabres",0,0
1131,"Toronto Maple Leafs","Florida Panthers",0,0
1132,"Montréal Canadiens","Dallas Stars",0,0
1133,"Minnesota Wild","Washington Capitals",1,0
1134,"Edmonton Oilers","Los Angeles Kings",0,0
1135,"Vancouver Canucks","Anaheim Ducks",0,0
1136,"San Jose Sharks","New York Rangers",1,0
1137,"Pittsburgh Penguins","Chicago Blackhawks",0,0
1138,"Calgary Flames","Los Angeles Kings",0,0
1139,"Colorado Avalanche","Washington Capitals",0,0
1140,"Arizona Coyotes","St. Louis Blues",0,0
1141,"Boston Bruins","Dallas Stars",0,0
1142,"Philadelphia Flyers","New York Islanders",0,0
1143,"Carolina Hurricanes","Columbus Blue Jackets",1,0
1144,"Montréal Canadiens","Florida Panthers",0,0
1145,"Tampa Bay Lightning","Detroit Red Wings",0,0
1146,"Nashville Predators","Toronto Maple Leafs",0,0
1147,"Minnesota Wild","Ottawa Senators",0,0
1148,"Winnipeg Jets","Anaheim Ducks",1,0
1149,"Edmonton Oilers","San Jose Sharks",0,0
1150,"New York Rangers","Pittsburgh Penguins",1,1
1151,"New York Islanders","New Jersey Devils",0,0
1152,"Chicago Blackhawks","Columbus Blue Jackets",0,0
1153,"Colorado Avalanche","St. Louis Blues",1,1
1154,"Calgary Flames","San Jose Sharks",0,0
1155,"Vancouver Canucks","Los Angeles Kings",0,0
1156,"Arizona Coyotes","Washington Capitals",0,0
1157,"Boston Bruins","Florida Panthers",0,0
1158,"Nashville Predators","Minnesota Wild",0,0
1159,"Detroit Red Wings","Toronto Maple Leafs",0,0
1160,"Tampa Bay Lightning","Montréal Canadiens",1,0
1161,"Philadelphia Flyers","New Jersey Devils",0,0
1162,"Carolina Hurricanes","Dallas Stars",0,0
1163,"Winnipeg Jets","Ottawa Senators",0,0
1164,"Edmonton Oilers","Anaheim Ducks",1,0
1165,"Chicago Blackhawks","Boston Bruins",0,0
1166,"Buffalo Sabres","New York Islanders",0,0
1167,"Pittsburgh Penguins","Carolina Hurricanes",0,0
1168,"Tampa Bay Lightning","Dallas Stars",0,0
1169,"Columbus Blue Jackets","Washington Capitals",0,0
1170,"St. Louis Blues","Nashville Predators",0,0
1171,"Minnesota Wild","Colorado Avalanche",0,0
1172,"Vancouver Canucks","San Jose Sharks",0,0
1173,"New York Rangers","Philadelphia Flyers",0,0
1174,"Calgary Flames","Anaheim Ducks",0,0
1175,"Los Angeles Kings","Arizona Coyotes",0,0
1176,"Buffalo Sabres","Toronto Maple Leafs",0,0
1177,"Detroit Red Wings","Ottawa Senators",1,1
1178,"Florida Panthers","Montréal Canadiens",0,0
1179,"Boston Bruins","Tampa Bay Lightning",0,0
1180,"New Jersey Devils","Philadelphia Flyers",1,0
1181,"Pittsburgh Penguins","Columbus Blue Jackets",0,0
1182,"Toronto Maple Leafs","Washington Capitals",0,0
1183,"Ottawa Senators","Detroit Red Wings",0,0
1184,"St. Louis Blues","Winnipeg Jets",0,0
1185,"Nashville Predators","New York Islanders",1,0
1186,"Minnesota Wild","Carolina Hurricanes",0,0
1187,"Dallas Stars","Arizona Coyotes",1,0
1188,"Colorado Avalanche","Chicago Blackhawks",1,0
1189,"Anaheim Ducks","Calgary Flames",0,0
1190,"Los Angeles Kings","Edmonton Oilers",0,0
1191,"San Jose Sharks","Vancouver Canucks",0,0
1192,"Buffalo Sabres","Montréal Canadiens",0,0
1193,"Washington Capitals","New York Rangers",0,0
1194,"Boston Bruins","Ottawa Senators",1,1
1195,"New Jersey Devils","Pittsburgh Penguins",0,0
1196,"Carolina Hurricanes","New York Islanders",0,0
1197,"Columbus Blue Jackets","Winnipeg Jets",0,0
1198,"Toronto Maple Leafs","Tampa Bay Lightning",0,0
1199,"Florida Panthers","St. Louis Blues",0,0
1200,"Dallas Stars","Nashville Predators",0,0
1201,"Colorado Avalanche","Minnesota Wild",0,0
1202,"Arizona Coyotes","Vancouver Canucks",0,0
1203,"Anaheim Ducks","Chicago Blackhawks",0,0
1204,"Los Angeles Kings","Calgary Flames",0,0
1205,"San Jose Sharks","Edmonton Oilers",0,0
1206,"Montréal Canadiens","Tampa Bay Lightning",0,0
1207,"Ottawa Senators","New York Rangers",0,0
1208,"Philadelphia Flyers","Columbus Blue Jackets",0,0
1209,"Boston Bruins","Washington Capitals",0,0
1210,"New Jersey Devils","New York Islanders",0,0
1211,"Toronto Maple Leafs","Pittsburgh Penguins",0,0
1212,"Detroit Red Wings","Montréal Canadiens",1,0
1213,"Florida Panthers","Buffalo Sabres",0,0
1214,"Carolina Hurricanes","St. Louis Blues",1,1
1215,"Winnipeg Jets","Nashville Predators",0,0
1216,"Dallas Stars","Colorado Avalanche",1,1
1217,"Arizona Coyotes","Minnesota Wild",0,0
1218,"Vancouver Canucks","Edmonton Oilers",0,0
1219,"San Jose Sharks","Calgary Flames",0,0
1220,"Los Angeles Kings","Chicago Blackhawks",1,0
1221,"Detroit Red Wings","New Jersey Devils",0,0
1222,"Tampa Bay Lightning","Buffalo Sabres",0,0
1223,"New York Islanders","Ottawa Senators",0,0
1224,"Toronto Maple Leafs","Columbus Blue Jackets",0,0
1225,"St. Louis Blues","Colorado Avalanche",0,0
1226,"New York Rangers","Pittsburgh Penguins",0,0
1227,"Philadelphia Flyers","Carolina Hurricanes",1,1
1228,"Washington Capitals","Florida Panthers",0,0
1229,"Anaheim Ducks","Los Angeles Kings",1,0
1230,"Edmonton Oilers","Vancouver Canucks",0,0
